machine,test,level,name,npe,real,comm_avg,speed
MareNostrum 5,mpi-circle,8,cos,2,7.875e-05,5.30184e-06,88241300.0
MareNostrum 5,mpi-circle,8,laplacian,2,9.25e-05,3.65017e-05,75124300.0
MareNostrum 5,mpi-circle,8,poisson,2,0.001423,0.000612404,4883350.0
MareNostrum 5,mpi-circle,8,refine,2,0.008466,0.00342645,820813.0
MareNostrum 5,mpi-circle,8,restriction,2,5e-07,0.0,13898000000.0
MareNostrum 5,mpi-circle,8,sum,2,1e-05,0.0,694900000.0
MareNostrum 5,mpi-circle,10,cos,112,3.53064e-05,2.20428e-05,2056820000.0
MareNostrum 5,mpi-circle,10,laplacian,112,0.000499491,0.00048389,145386000.0
MareNostrum 5,mpi-circle,10,poisson,112,0.0077754,0.00733697,9339580.0
MareNostrum 5,mpi-circle,10,refine,112,0.138661,0.119428,523717.0
MareNostrum 5,mpi-circle,10,restriction,112,5.80357e-07,0.0,125128000000.0
MareNostrum 5,mpi-circle,10,sum,112,6.88481e-06,0.0,10547700000.0
MareNostrum 5,mpi-circle,12,cos,112,0.000132574,1.34617e-05,6116550000.0
MareNostrum 5,mpi-circle,12,cos,224,7.35798e-05,1.38988e-05,11020600000.0
MareNostrum 5,mpi-circle,12,cos,448,4.59415e-05,1.59451e-05,17650600000.0
MareNostrum 5,mpi-circle,12,cos,896,3.67551e-05,2.15826e-05,22062100000.0
MareNostrum 5,mpi-circle,12,cos,1792,5.22123e-05,4.45201e-05,15530700000.0
MareNostrum 5,mpi-circle,12,laplacian,112,0.000520955,0.000415737,1556550000.0
MareNostrum 5,mpi-circle,12,laplacian,224,0.000400112,0.000345567,2026670000.0
MareNostrum 5,mpi-circle,12,laplacian,448,0.000505724,0.000474731,1603430000.0
MareNostrum 5,mpi-circle,12,laplacian,896,0.000569269,0.000550123,1424450000.0
MareNostrum 5,mpi-circle,12,laplacian,1792,0.000790942,0.000777923,1025230000.0
MareNostrum 5,mpi-circle,12,poisson,112,0.0140856,0.0119913,57568900.0
MareNostrum 5,mpi-circle,12,poisson,224,0.0130232,0.0116165,62265600.0
MareNostrum 5,mpi-circle,12,poisson,448,0.0226445,0.0217067,35809800.0
MareNostrum 5,mpi-circle,12,poisson,896,0.0233634,0.0225014,34707900.0
MareNostrum 5,mpi-circle,12,poisson,1792,0.0273409,0.0263542,29658700.0
MareNostrum 5,mpi-circle,12,refine,112,0.721968,0.57597,1123170.0
MareNostrum 5,mpi-circle,12,refine,224,0.961036,0.811016,843772.0
MareNostrum 5,mpi-circle,12,refine,448,1.24315,1.09692,652288.0
MareNostrum 5,mpi-circle,12,refine,896,2.11773,1.93097,382908.0
MareNostrum 5,mpi-circle,12,refine,1792,4.14848,3.86874,195468.0
MareNostrum 5,mpi-circle,12,restriction,112,8.57143e-07,0.0,946044000000.0
MareNostrum 5,mpi-circle,12,restriction,224,7.41071e-07,0.0,1094220000000.0
MareNostrum 5,mpi-circle,12,restriction,448,2.37946e-06,0.0,340789000000.0
MareNostrum 5,mpi-circle,12,restriction,896,3.22321e-06,0.0,251580000000.0
MareNostrum 5,mpi-circle,12,restriction,1792,2.52679e-06,0.0,320920000000.0
MareNostrum 5,mpi-circle,12,sum,112,2.61586e-05,0.0,30999200000.0
MareNostrum 5,mpi-circle,12,sum,224,1.59578e-05,0.0,50815100000.0
MareNostrum 5,mpi-circle,12,sum,448,1.93083e-05,0.0,41997200000.0
MareNostrum 5,mpi-circle,12,sum,896,1.7013e-05,0.0,47663300000.0
MareNostrum 5,mpi-circle,12,sum,1792,3.25782e-05,0.0,24890700000.0
MareNostrum 5,mpi-circle,14,cos,112,0.00450503,0.00166384,2120050000.0
MareNostrum 5,mpi-circle,14,cos,224,0.00106231,0.000251741,8990670000.0
MareNostrum 5,mpi-circle,14,cos,448,0.000447297,8.49635e-05,21352500000.0
MareNostrum 5,mpi-circle,14,cos,896,0.000243516,6.83716e-05,39220900000.0
MareNostrum 5,mpi-circle,14,cos,1792,0.000162066,7.21007e-05,58932000000.0
MareNostrum 5,mpi-circle,14,cos,3584,0.000108148,6.35473e-05,88313100000.0
MareNostrum 5,mpi-circle,14,laplacian,112,0.0127572,0.00529167,748666000.0
MareNostrum 5,mpi-circle,14,laplacian,224,0.00580359,0.00313735,1645690000.0
MareNostrum 5,mpi-circle,14,laplacian,448,0.0020399,0.00142699,4682040000.0
MareNostrum 5,mpi-circle,14,laplacian,896,0.000940584,0.000771136,10154200000.0
MareNostrum 5,mpi-circle,14,laplacian,1792,0.00122015,0.00113919,7827630000.0
MareNostrum 5,mpi-circle,14,laplacian,3584,0.00116688,0.00112448,8185010000.0
MareNostrum 5,mpi-circle,14,poisson,112,0.20702,0.113024,46135300.0
MareNostrum 5,mpi-circle,14,poisson,224,0.102781,0.0665906,92925000.0
MareNostrum 5,mpi-circle,14,poisson,448,0.0739201,0.0579138,129206000.0
MareNostrum 5,mpi-circle,14,poisson,896,0.0497879,0.0446523,191832000.0
MareNostrum 5,mpi-circle,14,poisson,1792,0.0395813,0.0369546,241299000.0
MareNostrum 5,mpi-circle,14,poisson,3584,0.047325,0.0453049,201815000.0
MareNostrum 5,mpi-circle,14,refine,112,7.33924,5.45461,1301350.0
MareNostrum 5,mpi-circle,14,refine,224,7.7939,6.17027,1225430.0
MareNostrum 5,mpi-circle,14,refine,448,8.74041,7.33808,1092730.0
MareNostrum 5,mpi-circle,14,refine,896,9.69209,8.45718,985433.0
MareNostrum 5,mpi-circle,14,refine,1792,12.4174,11.1662,769157.0
MareNostrum 5,mpi-circle,14,refine,3584,18.0387,16.6161,529469.0
MareNostrum 5,mpi-circle,14,restriction,112,1.65179e-06,0.0,5782170000000.0
MareNostrum 5,mpi-circle,14,restriction,224,2.05804e-06,0.0,4640790000000.0
MareNostrum 5,mpi-circle,14,restriction,448,5.30804e-06,0.0,1799330000000.0
MareNostrum 5,mpi-circle,14,restriction,896,4.71094e-06,0.0,2027390000000.0
MareNostrum 5,mpi-circle,14,restriction,1792,2.18192e-06,0.0,4377300000000.0
MareNostrum 5,mpi-circle,14,restriction,3584,2.55552e-06,0.0,3737360000000.0
MareNostrum 5,mpi-circle,14,sum,112,0.001788,0.0,5341670000.0
MareNostrum 5,mpi-circle,14,sum,224,0.000448582,0.0,21291300000.0
MareNostrum 5,mpi-circle,14,sum,448,0.000173408,0.0,55077800000.0
MareNostrum 5,mpi-circle,14,sum,896,4.38676e-05,0.0,217721000000.0
MareNostrum 5,mpi-circle,14,sum,1792,8.77753e-05,0.0,108811000000.0
MareNostrum 5,mpi-circle,14,sum,3584,4.25468e-05,0.0,224480000000.0
MareNostrum 5,mpi-laplacian,6,cos,2,0.0032705,4.30213e-06,80154100.0
MareNostrum 5,mpi-laplacian,6,laplacian,2,0.002202,0.000163754,119048000.0
MareNostrum 5,mpi-laplacian,6,poisson,2,0.022456,0.00145466,11673700.0
MareNostrum 5,mpi-laplacian,6,refine,2,0.115888,0.0311527,2262050.0
MareNostrum 5,mpi-laplacian,6,restriction,2,0.0010145,0.000100807,258397000.0
MareNostrum 5,mpi-laplacian,6,sum,2,0.0006445,0.0,406740000.0
MareNostrum 5,mpi-laplacian,7,cos,112,0.000790729,0.000230543,2652180000.0
MareNostrum 5,mpi-laplacian,7,laplacian,112,0.00108665,0.000538219,1929920000.0
MareNostrum 5,mpi-laplacian,7,poisson,112,0.0275769,0.020768,76047500.0
MareNostrum 5,mpi-laplacian,7,refine,112,0.515454,0.413468,4068550.0
MareNostrum 5,mpi-laplacian,7,restriction,112,0.000249104,0.000170477,8418800000.0
MareNostrum 5,mpi-laplacian,7,sum,112,0.000335202,0.0,6256390000.0
MareNostrum 5,mpi-laplacian,8,cos,112,0.0165222,0.00886181,1015430000.0
MareNostrum 5,mpi-laplacian,8,cos,224,0.00624073,0.00255216,2688340000.0
MareNostrum 5,mpi-laplacian,8,cos,448,0.00264702,0.00111218,6338150000.0
MareNostrum 5,mpi-laplacian,8,cos,896,0.000702115,0.000137197,23895300000.0
MareNostrum 5,mpi-laplacian,8,cos,1792,0.000465864,0.000199598,36013100000.0
MareNostrum 5,mpi-laplacian,8,laplacian,112,0.0145875,0.00430564,1150110000.0
MareNostrum 5,mpi-laplacian,8,laplacian,224,0.00777307,0.00260698,2158380000.0
MareNostrum 5,mpi-laplacian,8,laplacian,448,0.00353719,0.00142661,4743100000.0
MareNostrum 5,mpi-laplacian,8,laplacian,896,0.0010993,0.000609223,15261700000.0
MareNostrum 5,mpi-laplacian,8,laplacian,1792,0.000480039,0.000326801,34949700000.0
MareNostrum 5,mpi-laplacian,8,poisson,112,0.146499,0.0399631,114521000.0
MareNostrum 5,mpi-laplacian,8,poisson,224,0.0752718,0.0237253,222888000.0
MareNostrum 5,mpi-laplacian,8,poisson,448,0.0431161,0.021555,389117000.0
MareNostrum 5,mpi-laplacian,8,poisson,896,0.0177985,0.0113778,942620000.0
MareNostrum 5,mpi-laplacian,8,poisson,1792,0.0164955,0.0136956,1017080000.0
MareNostrum 5,mpi-laplacian,8,refine,112,1.37114,0.875867,12235900.0
MareNostrum 5,mpi-laplacian,8,refine,224,0.999285,0.70344,16789200.0
MareNostrum 5,mpi-laplacian,8,refine,448,1.37233,1.14757,12225300.0
MareNostrum 5,mpi-laplacian,8,refine,896,2.87665,2.55118,5832210.0
MareNostrum 5,mpi-laplacian,8,refine,1792,7.17569,6.58749,2338060.0
MareNostrum 5,mpi-laplacian,8,restriction,112,0.00705483,0.00251934,2378120000.0
MareNostrum 5,mpi-laplacian,8,restriction,224,0.00388212,0.00166509,4321660000.0
MareNostrum 5,mpi-laplacian,8,restriction,448,0.00133695,0.000910588,12548900000.0
MareNostrum 5,mpi-laplacian,8,restriction,896,0.000356521,0.00028458,47058200000.0
MareNostrum 5,mpi-laplacian,8,restriction,1792,0.000215586,0.000192451,77821500000.0
MareNostrum 5,mpi-laplacian,8,sum,112,0.0046854,0.0,3580740000.0
MareNostrum 5,mpi-laplacian,8,sum,224,0.00242182,0.0,6927530000.0
MareNostrum 5,mpi-laplacian,8,sum,448,0.000965353,0.0,17379400000.0
MareNostrum 5,mpi-laplacian,8,sum,896,0.000168494,0.0,99571700000.0
MareNostrum 5,mpi-laplacian,8,sum,1792,6.25872e-05,0.0,268061000000.0
MareNostrum 5,mpi-laplacian,9,cos,2,2.82716,0.0148197,47474300.0
MareNostrum 5,mpi-laplacian,9,cos,4,1.5033,0.0720148,89281900.0
MareNostrum 5,mpi-laplacian,9,cos,8,0.997422,0.106582,134565000.0
MareNostrum 5,mpi-laplacian,9,cos,16,0.414559,0.0632253,323760000.0
MareNostrum 5,mpi-laplacian,9,cos,32,0.173342,0.0339319,774293000.0
MareNostrum 5,mpi-laplacian,9,cos,64,0.0867497,0.00617826,1547180000.0
MareNostrum 5,mpi-laplacian,9,cos,112,0.0791981,0.0149201,1694710000.0
MareNostrum 5,mpi-laplacian,9,cos,128,0.0814483,0.0412143,1647890000.0
MareNostrum 5,mpi-laplacian,9,cos,224,0.0425327,0.0102478,3155640000.0
MareNostrum 5,mpi-laplacian,9,cos,256,0.0251689,0.00209115,5332680000.0
MareNostrum 5,mpi-laplacian,9,cos,448,0.0174096,0.00164253,7709390000.0
MareNostrum 5,mpi-laplacian,9,cos,512,0.0150844,0.00218095,8897760000.0
MareNostrum 5,mpi-laplacian,9,cos,896,0.0118558,0.00414013,11320800000.0
MareNostrum 5,mpi-laplacian,9,cos,1024,0.00735539,0.00103388,18247500000.0
MareNostrum 5,mpi-laplacian,9,cos,1792,0.00472927,0.000960102,28380200000.0
MareNostrum 5,mpi-laplacian,9,cos,2048,0.00539979,0.00231733,24856100000.0
MareNostrum 5,mpi-laplacian,9,cos,3584,0.002938,0.0013889,45683400000.0
MareNostrum 5,mpi-laplacian,9,cos,4096,0.00244115,0.00123662,54981400000.0
MareNostrum 5,mpi-laplacian,9,cos,8192,0.00181959,0.00132425,73762800000.0
MareNostrum 5,mpi-laplacian,9,cos,16384,0.00171436,0.00149023,78290300000.0
MareNostrum 5,mpi-laplacian,9,laplacian,2,1.26483,0.0478596,106115000.0
MareNostrum 5,mpi-laplacian,9,laplacian,4,0.690527,0.0383165,194370000.0
MareNostrum 5,mpi-laplacian,9,laplacian,8,0.349583,0.029099,383937000.0
MareNostrum 5,mpi-laplacian,9,laplacian,16,0.234531,0.0423684,572282000.0
MareNostrum 5,mpi-laplacian,9,laplacian,32,0.141013,0.0254718,951810000.0
MareNostrum 5,mpi-laplacian,9,laplacian,64,0.0965286,0.0128643,1390440000.0
MareNostrum 5,mpi-laplacian,9,laplacian,112,0.096092,0.0205537,1396760000.0
MareNostrum 5,mpi-laplacian,9,laplacian,128,0.0506901,0.00878661,2647810000.0
MareNostrum 5,mpi-laplacian,9,laplacian,224,0.0506793,0.0123055,2648370000.0
MareNostrum 5,mpi-laplacian,9,laplacian,256,0.0333634,0.00671393,4022910000.0
MareNostrum 5,mpi-laplacian,9,laplacian,448,0.0269486,0.00752187,4980520000.0
MareNostrum 5,mpi-laplacian,9,laplacian,512,0.0204296,0.00489788,6569770000.0
MareNostrum 5,mpi-laplacian,9,laplacian,896,0.0145794,0.00480387,9205980000.0
MareNostrum 5,mpi-laplacian,9,laplacian,1024,0.0110597,0.00320858,12135800000.0
MareNostrum 5,mpi-laplacian,9,laplacian,1792,0.0078507,0.00288635,17096300000.0
MareNostrum 5,mpi-laplacian,9,laplacian,2048,0.00589482,0.0019599,22768700000.0
MareNostrum 5,mpi-laplacian,9,laplacian,3584,0.00358088,0.00158916,37481800000.0
MareNostrum 5,mpi-laplacian,9,laplacian,4096,0.00232167,0.000997174,57810800000.0
MareNostrum 5,mpi-laplacian,9,laplacian,8192,0.000873249,0.000575382,153699000000.0
MareNostrum 5,mpi-laplacian,9,laplacian,16384,0.000504965,0.000389533,265796000000.0
MareNostrum 5,mpi-laplacian,9,poisson,2,15.6323,0.363103,8585930.0
MareNostrum 5,mpi-laplacian,9,poisson,4,8.17245,0.395804,16423200.0
MareNostrum 5,mpi-laplacian,9,poisson,8,4.39581,0.352143,30533100.0
MareNostrum 5,mpi-laplacian,9,poisson,16,2.46887,0.279733,54364000.0
MareNostrum 5,mpi-laplacian,9,poisson,32,1.51994,0.175357,88304600.0
MareNostrum 5,mpi-laplacian,9,poisson,64,1.10651,0.158518,121298000.0
MareNostrum 5,mpi-laplacian,9,poisson,112,1.05273,0.192549,127495000.0
MareNostrum 5,mpi-laplacian,9,poisson,128,0.551339,0.0757194,243440000.0
MareNostrum 5,mpi-laplacian,9,poisson,224,0.560739,0.134231,239358000.0
MareNostrum 5,mpi-laplacian,9,poisson,256,0.36061,0.0656994,372196000.0
MareNostrum 5,mpi-laplacian,9,poisson,448,0.284437,0.0713793,471872000.0
MareNostrum 5,mpi-laplacian,9,poisson,512,0.218921,0.0534052,613088000.0
MareNostrum 5,mpi-laplacian,9,poisson,896,0.156635,0.0494447,856880000.0
MareNostrum 5,mpi-laplacian,9,poisson,1024,0.133327,0.048516,1006680000.0
MareNostrum 5,mpi-laplacian,9,poisson,1792,0.0898152,0.0358751,1494380000.0
MareNostrum 5,mpi-laplacian,9,poisson,2048,0.0673929,0.0235615,1991570000.0
MareNostrum 5,mpi-laplacian,9,poisson,3584,0.0595361,0.0339475,2254390000.0
MareNostrum 5,mpi-laplacian,9,poisson,4096,0.0475172,0.0282157,2824610000.0
MareNostrum 5,mpi-laplacian,9,poisson,8192,0.0775282,0.0591799,1731210000.0
MareNostrum 5,mpi-laplacian,9,poisson,16384,0.0869545,0.0699261,1543540000.0
MareNostrum 5,mpi-laplacian,9,refine,2,315.502,6.82725,425410.0
MareNostrum 5,mpi-laplacian,9,refine,4,46.1842,4.16025,2906140.0
MareNostrum 5,mpi-laplacian,9,refine,8,29.184,2.44651,4599020.0
MareNostrum 5,mpi-laplacian,9,refine,16,11.2644,1.96596,11915300.0
MareNostrum 5,mpi-laplacian,9,refine,32,4.9982,1.63567,26853200.0
MareNostrum 5,mpi-laplacian,9,refine,64,3.57372,1.81634,37556900.0
MareNostrum 5,mpi-laplacian,9,refine,112,6.49179,3.13927,20675000.0
MareNostrum 5,mpi-laplacian,9,refine,128,1.83711,0.996204,73059100.0
MareNostrum 5,mpi-laplacian,9,refine,224,3.70262,1.92505,36249400.0
MareNostrum 5,mpi-laplacian,9,refine,256,1.48427,1.02504,90426600.0
MareNostrum 5,mpi-laplacian,9,refine,448,3.01076,2.01844,44579400.0
MareNostrum 5,mpi-laplacian,9,refine,512,1.73667,1.42022,77284400.0
MareNostrum 5,mpi-laplacian,9,refine,896,3.88496,3.13756,34548000.0
MareNostrum 5,mpi-laplacian,9,refine,1024,3.15609,2.79416,42526500.0
MareNostrum 5,mpi-laplacian,9,refine,1792,8.03494,7.21244,16704300.0
MareNostrum 5,mpi-laplacian,9,refine,2048,6.49504,6.00293,20664700.0
MareNostrum 5,mpi-laplacian,9,refine,3584,19.9291,18.6586,6734750.0
MareNostrum 5,mpi-laplacian,9,refine,4096,20.03,19.1335,6700830.0
MareNostrum 5,mpi-laplacian,9,refine,8192,100.238,97.2718,1338990.0
MareNostrum 5,mpi-laplacian,9,refine,16384,242.133,237.087,554314.0
MareNostrum 5,mpi-laplacian,9,restriction,2,1.05448,0.0363497,127284000.0
MareNostrum 5,mpi-laplacian,9,restriction,4,0.556209,0.0415858,241308000.0
MareNostrum 5,mpi-laplacian,9,restriction,8,0.290688,0.0318147,461724000.0
MareNostrum 5,mpi-laplacian,9,restriction,16,0.166467,0.0310863,806271000.0
MareNostrum 5,mpi-laplacian,9,restriction,32,0.098962,0.0255477,1356260000.0
MareNostrum 5,mpi-laplacian,9,restriction,64,0.0488716,0.00633438,2746330000.0
MareNostrum 5,mpi-laplacian,9,restriction,112,0.0507424,0.0149136,2645080000.0
MareNostrum 5,mpi-laplacian,9,restriction,128,0.025251,0.00401765,5315340000.0
MareNostrum 5,mpi-laplacian,9,restriction,224,0.0296749,0.0116129,4522940000.0
MareNostrum 5,mpi-laplacian,9,restriction,256,0.0164516,0.00344795,8158310000.0
MareNostrum 5,mpi-laplacian,9,restriction,448,0.0138549,0.0046966,9687380000.0
MareNostrum 5,mpi-laplacian,9,restriction,512,0.0105134,0.00307253,12766300000.0
MareNostrum 5,mpi-laplacian,9,restriction,896,0.00776601,0.00329256,17282700000.0
MareNostrum 5,mpi-laplacian,9,restriction,1024,0.00608177,0.00251255,22068800000.0
MareNostrum 5,mpi-laplacian,9,restriction,1792,0.00480587,0.00264375,27927900000.0
MareNostrum 5,mpi-laplacian,9,restriction,2048,0.00403911,0.00232052,33229500000.0
MareNostrum 5,mpi-laplacian,9,restriction,3584,0.00233017,0.00191232,57600100000.0
MareNostrum 5,mpi-laplacian,9,restriction,4096,0.00140798,0.00120461,95326600000.0
MareNostrum 5,mpi-laplacian,9,restriction,8192,0.000507586,0.000456549,264424000000.0
MareNostrum 5,mpi-laplacian,9,restriction,16384,0.000241099,0.000225369,556691000000.0
MareNostrum 5,mpi-laplacian,9,sum,2,0.75505,0.0,177760000.0
MareNostrum 5,mpi-laplacian,9,sum,4,0.404301,0.0,331975000.0
MareNostrum 5,mpi-laplacian,9,sum,8,0.190482,0.0,704622000.0
MareNostrum 5,mpi-laplacian,9,sum,16,0.126293,0.0,1062750000.0
MareNostrum 5,mpi-laplacian,9,sum,32,0.0750494,0.0,1788390000.0
MareNostrum 5,mpi-laplacian,9,sum,64,0.0367873,0.0,3648480000.0
MareNostrum 5,mpi-laplacian,9,sum,112,0.0482718,0.0,2780460000.0
MareNostrum 5,mpi-laplacian,9,sum,128,0.0189204,0.0,7093810000.0
MareNostrum 5,mpi-laplacian,9,sum,224,0.0187803,0.0,7146740000.0
MareNostrum 5,mpi-laplacian,9,sum,256,0.0120926,0.0,11099200000.0
MareNostrum 5,mpi-laplacian,9,sum,448,0.0131815,0.0,10182300000.0
MareNostrum 5,mpi-laplacian,9,sum,512,0.00722882,0.0,18567000000.0
MareNostrum 5,mpi-laplacian,9,sum,896,0.00489489,0.0,27420000000.0
MareNostrum 5,mpi-laplacian,9,sum,1024,0.00389987,0.0,34415900000.0
MareNostrum 5,mpi-laplacian,9,sum,1792,0.00253668,0.0,52910800000.0
MareNostrum 5,mpi-laplacian,9,sum,2048,0.0022538,0.0,59551600000.0
MareNostrum 5,mpi-laplacian,9,sum,3584,0.00136357,0.0,98430900000.0
MareNostrum 5,mpi-laplacian,9,sum,4096,0.000724161,0.0,185342000000.0
MareNostrum 5,mpi-laplacian,9,sum,8192,0.00128368,0.0,104557000000.0
MareNostrum 5,mpi-laplacian,9,sum,16384,0.00113262,0.0,118502000000.0
MareNostrum 5,mpi-laplacian-2d,12,cos,2,0.223874,0.000279699,74940400.0
MareNostrum 5,mpi-laplacian-2d,12,cos,4,0.095895,0.00834061,174954000.0
MareNostrum 5,mpi-laplacian-2d,12,cos,8,0.034789,5.02028e-05,482256000.0
MareNostrum 5,mpi-laplacian-2d,12,cos,16,0.0178401,0.000248021,940420000.0
MareNostrum 5,mpi-laplacian-2d,12,cos,32,0.00955241,0.000197351,1756330000.0
MareNostrum 5,mpi-laplacian-2d,12,cos,64,0.0093168,0.0028636,1800750000.0
MareNostrum 5,mpi-laplacian-2d,12,cos,128,0.00337288,0.000202383,4974150000.0
MareNostrum 5,mpi-laplacian-2d,12,cos,256,0.00278987,0.000818449,6013630000.0
MareNostrum 5,mpi-laplacian-2d,12,cos,512,0.00142882,0.000695021,11742000000.0
MareNostrum 5,mpi-laplacian-2d,12,cos,1024,0.000593939,0.000286431,28247400000.0
MareNostrum 5,mpi-laplacian-2d,12,cos,2048,0.000239004,8.39721e-05,70196500000.0
MareNostrum 5,mpi-laplacian-2d,12,cos,4096,0.000206099,0.000126242,81403800000.0
MareNostrum 5,mpi-laplacian-2d,12,cos,8192,0.00127919,0.00123857,13115500000.0
MareNostrum 5,mpi-laplacian-2d,12,cos,16384,0.00129468,0.00127463,12958500000.0
MareNostrum 5,mpi-laplacian-2d,12,laplacian,2,0.0686635,0.00111234,244340000.0
MareNostrum 5,mpi-laplacian-2d,12,laplacian,4,0.059175,0.0106425,283519000.0
MareNostrum 5,mpi-laplacian-2d,12,laplacian,8,0.0187945,0.000392011,892666000.0
MareNostrum 5,mpi-laplacian-2d,12,laplacian,16,0.0112162,0.000366934,1495800000.0
MareNostrum 5,mpi-laplacian-2d,12,laplacian,32,0.00817634,0.000316324,2051920000.0
MareNostrum 5,mpi-laplacian-2d,12,laplacian,64,0.00679423,0.000356791,2469330000.0
MareNostrum 5,mpi-laplacian-2d,12,laplacian,128,0.00318073,0.000218484,5274640000.0
MareNostrum 5,mpi-laplacian-2d,12,laplacian,256,0.00174293,0.000165813,9625850000.0
MareNostrum 5,mpi-laplacian-2d,12,laplacian,512,0.00027715,6.28945e-05,60534800000.0
MareNostrum 5,mpi-laplacian-2d,12,laplacian,1024,0.000111139,3.35617e-05,150957000000.0
MareNostrum 5,mpi-laplacian-2d,12,laplacian,2048,6.36683e-05,2.84279e-05,263510000000.0
MareNostrum 5,mpi-laplacian-2d,12,laplacian,4096,4.14361e-05,2.38446e-05,404894000000.0
MareNostrum 5,mpi-laplacian-2d,12,laplacian,8192,0.000107685,9.84033e-05,155799000000.0
MareNostrum 5,mpi-laplacian-2d,12,laplacian,16384,0.000127977,0.000123061,131096000000.0
MareNostrum 5,mpi-laplacian-2d,12,poisson,2,1.09183,0.037834,15366200.0
MareNostrum 5,mpi-laplacian-2d,12,poisson,4,0.514594,0.0071952,32602800.0
MareNostrum 5,mpi-laplacian-2d,12,poisson,8,0.33428,0.0226558,50189100.0
MareNostrum 5,mpi-laplacian-2d,12,poisson,16,0.150281,0.00451168,111639000.0
MareNostrum 5,mpi-laplacian-2d,12,poisson,32,0.106975,0.0040954,156833000.0
MareNostrum 5,mpi-laplacian-2d,12,poisson,64,0.0931767,0.00615609,180058000.0
MareNostrum 5,mpi-laplacian-2d,12,poisson,128,0.0396888,0.00299475,422719000.0
MareNostrum 5,mpi-laplacian-2d,12,poisson,256,0.0217764,0.0031398,770430000.0
MareNostrum 5,mpi-laplacian-2d,12,poisson,512,0.011821,0.00449707,1419270000.0
MareNostrum 5,mpi-laplacian-2d,12,poisson,1024,0.00375852,0.00223445,4463780000.0
MareNostrum 5,mpi-laplacian-2d,12,poisson,2048,0.00328318,0.00251082,5110060000.0
MareNostrum 5,mpi-laplacian-2d,12,poisson,4096,0.00341421,0.00272793,4913940000.0
MareNostrum 5,mpi-laplacian-2d,12,poisson,8192,0.0144491,0.00934653,1161130000.0
MareNostrum 5,mpi-laplacian-2d,12,poisson,16384,0.0162057,0.0101893,1035260000.0
MareNostrum 5,mpi-laplacian-2d,12,refine,1,8.58732,1.01489e-05,1953720.0
MareNostrum 5,mpi-laplacian-2d,12,refine,2,3.68818,0.360442,4548920.0
MareNostrum 5,mpi-laplacian-2d,12,refine,4,1.62992,0.191945,10293300.0
MareNostrum 5,mpi-laplacian-2d,12,refine,8,0.740678,0.117765,22651200.0
MareNostrum 5,mpi-laplacian-2d,12,refine,16,0.379189,0.0793742,44245000.0
MareNostrum 5,mpi-laplacian-2d,12,refine,32,0.216777,0.0586685,77394000.0
MareNostrum 5,mpi-laplacian-2d,12,refine,64,0.165363,0.0764798,101457000.0
MareNostrum 5,mpi-laplacian-2d,12,refine,128,0.204758,0.155184,81936800.0
MareNostrum 5,mpi-laplacian-2d,12,refine,256,0.161016,0.128004,104196000.0
MareNostrum 5,mpi-laplacian-2d,12,refine,512,0.279482,0.251145,60029600.0
MareNostrum 5,mpi-laplacian-2d,12,refine,1024,0.623507,0.587552,26907800.0
MareNostrum 5,mpi-laplacian-2d,12,refine,2048,1.43664,1.36777,11678100.0
MareNostrum 5,mpi-laplacian-2d,12,refine,4096,3.51855,3.39616,4768220.0
MareNostrum 5,mpi-laplacian-2d,12,refine,8192,74.4591,73.966,225321.0
MareNostrum 5,mpi-laplacian-2d,12,refine,16384,191.794,190.975,87475.2
MareNostrum 5,mpi-laplacian-2d,12,restriction,2,0.106068,0.000586555,158173000.0
MareNostrum 5,mpi-laplacian-2d,12,restriction,4,0.050706,0.00137097,330872000.0
MareNostrum 5,mpi-laplacian-2d,12,restriction,8,0.0192,0.000947903,873813000.0
MareNostrum 5,mpi-laplacian-2d,12,restriction,16,0.0105479,0.000535199,1590580000.0
MareNostrum 5,mpi-laplacian-2d,12,restriction,32,0.00736837,0.000731726,2276920000.0
MareNostrum 5,mpi-laplacian-2d,12,restriction,64,0.00631327,0.00123062,2657450000.0
MareNostrum 5,mpi-laplacian-2d,12,restriction,128,0.00274906,0.000405821,6102890000.0
MareNostrum 5,mpi-laplacian-2d,12,restriction,256,0.0017609,0.000469296,9527650000.0
MareNostrum 5,mpi-laplacian-2d,12,restriction,512,0.000549255,0.000411699,30545400000.0
MareNostrum 5,mpi-laplacian-2d,12,restriction,1024,7.37676e-05,5.51088e-05,227433000000.0
MareNostrum 5,mpi-laplacian-2d,12,restriction,2048,2.74914e-05,2.32806e-05,610271000000.0
MareNostrum 5,mpi-laplacian-2d,12,restriction,4096,1.68465e-05,1.54607e-05,995889000000.0
MareNostrum 5,mpi-laplacian-2d,12,restriction,8192,1.79824e-05,1.74057e-05,932981000000.0
MareNostrum 5,mpi-laplacian-2d,12,restriction,16384,1.34804e-05,1.31789e-05,1244560000000.0
MareNostrum 5,mpi-laplacian-2d,12,sum,2,0.049246,0.0,340682000.0
MareNostrum 5,mpi-laplacian-2d,12,sum,4,0.027179,0.0,617286000.0
MareNostrum 5,mpi-laplacian-2d,12,sum,8,0.0132192,0.0,1269150000.0
MareNostrum 5,mpi-laplacian-2d,12,sum,16,0.00737456,0.0,2275010000.0
MareNostrum 5,mpi-laplacian-2d,12,sum,32,0.00488869,0.0,3431840000.0
MareNostrum 5,mpi-laplacian-2d,12,sum,64,0.00403028,0.0,4162790000.0
MareNostrum 5,mpi-laplacian-2d,12,sum,128,0.00201559,0.0,8323740000.0
MareNostrum 5,mpi-laplacian-2d,12,sum,256,0.00123332,0.0,13603200000.0
MareNostrum 5,mpi-laplacian-2d,12,sum,512,0.000582992,0.0,28777800000.0
MareNostrum 5,mpi-laplacian-2d,12,sum,1024,0.000189169,0.0,88688800000.0
MareNostrum 5,mpi-laplacian-2d,12,sum,2048,0.000123933,0.0,135373000000.0
MareNostrum 5,mpi-laplacian-2d,12,sum,4096,0.00011756,0.0,142713000000.0
MareNostrum 5,mpi-laplacian-2d,12,sum,8192,0.00105981,0.0,15830400000.0
MareNostrum 5,mpi-laplacian-2d,12,sum,16384,0.00142291,0.0,11790800000.0
MareNostrum 5,mpi-laplacian-2d,14,cos,4,2.24524,0.0885591,119558000.0
MareNostrum 5,mpi-laplacian-2d,14,cos,8,1.13287,0.0354648,236951000.0
MareNostrum 5,mpi-laplacian-2d,14,cos,16,0.556077,0.0677302,482731000.0
MareNostrum 5,mpi-laplacian-2d,14,cos,32,0.285354,0.0204528,940709000.0
MareNostrum 5,mpi-laplacian-2d,14,cos,64,0.134309,0.0251292,1998650000.0
MareNostrum 5,mpi-laplacian-2d,14,cos,128,0.0749628,0.0210945,3580920000.0
MareNostrum 5,mpi-laplacian-2d,14,cos,256,0.0402233,0.00711751,6673630000.0
MareNostrum 5,mpi-laplacian-2d,14,cos,512,0.0199325,0.000682352,13467200000.0
MareNostrum 5,mpi-laplacian-2d,14,cos,1024,0.0139455,0.00438085,19248800000.0
MareNostrum 5,mpi-laplacian-2d,14,cos,2048,0.00749404,0.00261988,35819800000.0
MareNostrum 5,mpi-laplacian-2d,14,cos,4096,0.00375863,0.00128287,71418500000.0
MareNostrum 5,mpi-laplacian-2d,14,cos,8192,0.00193302,0.00117387,138868000000.0
MareNostrum 5,mpi-laplacian-2d,14,cos,16384,0.00170497,0.00138817,157443000000.0
MareNostrum 5,mpi-laplacian-2d,14,laplacian,4,0.63078,0.034957,425561000.0
MareNostrum 5,mpi-laplacian-2d,14,laplacian,8,0.313995,0.0179021,854904000.0
MareNostrum 5,mpi-laplacian-2d,14,laplacian,16,0.213055,0.030047,1259940000.0
MareNostrum 5,mpi-laplacian-2d,14,laplacian,32,0.130458,0.00303479,2057640000.0
MareNostrum 5,mpi-laplacian-2d,14,laplacian,64,0.110813,0.00488819,2422420000.0
MareNostrum 5,mpi-laplacian-2d,14,laplacian,128,0.0540162,0.00114054,4969540000.0
MareNostrum 5,mpi-laplacian-2d,14,laplacian,256,0.0345912,0.00110993,7760220000.0
MareNostrum 5,mpi-laplacian-2d,14,laplacian,512,0.0203735,0.000785969,13175700000.0
MareNostrum 5,mpi-laplacian-2d,14,laplacian,1024,0.0101965,0.000532176,26326400000.0
MareNostrum 5,mpi-laplacian-2d,14,laplacian,2048,0.00514542,0.000356487,52169800000.0
MareNostrum 5,mpi-laplacian-2d,14,laplacian,4096,0.00229949,0.000218703,116737000000.0
MareNostrum 5,mpi-laplacian-2d,14,laplacian,8192,0.000345667,0.000120612,776573000000.0
MareNostrum 5,mpi-laplacian-2d,14,laplacian,16384,0.000185626,0.000107236,1446110000000.0
MareNostrum 5,mpi-laplacian-2d,14,poisson,4,8.82933,0.352487,30402700.0
MareNostrum 5,mpi-laplacian-2d,14,poisson,8,4.77853,0.291135,56175400.0
MareNostrum 5,mpi-laplacian-2d,14,poisson,16,2.78358,0.185543,96435300.0
MareNostrum 5,mpi-laplacian-2d,14,poisson,32,2.02485,0.251327,132571000.0
MareNostrum 5,mpi-laplacian-2d,14,poisson,64,1.57199,0.163112,170761000.0
MareNostrum 5,mpi-laplacian-2d,14,poisson,128,0.742719,0.0140964,361422000.0
MareNostrum 5,mpi-laplacian-2d,14,poisson,256,0.466765,0.0155328,575098000.0
MareNostrum 5,mpi-laplacian-2d,14,poisson,512,0.273881,0.0106919,980116000.0
MareNostrum 5,mpi-laplacian-2d,14,poisson,1024,0.139711,0.0100907,1921360000.0
MareNostrum 5,mpi-laplacian-2d,14,poisson,2048,0.0679266,0.00689207,3951850000.0
MareNostrum 5,mpi-laplacian-2d,14,poisson,4096,0.0310135,0.00526083,8655440000.0
MareNostrum 5,mpi-laplacian-2d,14,poisson,8192,0.0199775,0.0106266,13436900000.0
MareNostrum 5,mpi-laplacian-2d,14,poisson,16384,0.0163898,0.0100601,16378200000.0
MareNostrum 5,mpi-laplacian-2d,14,refine,4,134.737,3.22529,1992290.0
MareNostrum 5,mpi-laplacian-2d,14,refine,8,48.8379,1.97353,5496450.0
MareNostrum 5,mpi-laplacian-2d,14,refine,16,13.0921,1.04638,20503700.0
MareNostrum 5,mpi-laplacian-2d,14,refine,32,6.86508,0.558648,39101600.0
MareNostrum 5,mpi-laplacian-2d,14,refine,64,2.67897,0.463918,100201000.0
MareNostrum 5,mpi-laplacian-2d,14,refine,128,1.18386,0.342336,226746000.0
MareNostrum 5,mpi-laplacian-2d,14,refine,256,0.700357,0.282114,383283000.0
MareNostrum 5,mpi-laplacian-2d,14,refine,512,0.603886,0.368697,444514000.0
MareNostrum 5,mpi-laplacian-2d,14,refine,1024,0.88022,0.733276,304964000.0
MareNostrum 5,mpi-laplacian-2d,14,refine,2048,1.54526,1.40857,173715000.0
MareNostrum 5,mpi-laplacian-2d,14,refine,4096,3.58852,3.42376,74803800.0
MareNostrum 5,mpi-laplacian-2d,14,refine,8192,73.969,73.4562,3629030.0
MareNostrum 5,mpi-laplacian-2d,14,refine,16384,194.997,194.16,1376610.0
MareNostrum 5,mpi-laplacian-2d,14,restriction,4,0.991711,0.0623869,270679000.0
MareNostrum 5,mpi-laplacian-2d,14,restriction,8,0.495711,0.0252994,541515000.0
MareNostrum 5,mpi-laplacian-2d,14,restriction,16,0.256016,0.0177142,1048510000.0
MareNostrum 5,mpi-laplacian-2d,14,restriction,32,0.146076,0.00803449,1837640000.0
MareNostrum 5,mpi-laplacian-2d,14,restriction,64,0.118289,0.0328951,2269320000.0
MareNostrum 5,mpi-laplacian-2d,14,restriction,128,0.0507475,0.0084886,5289630000.0
MareNostrum 5,mpi-laplacian-2d,14,restriction,256,0.0314353,0.00329609,8539290000.0
MareNostrum 5,mpi-laplacian-2d,14,restriction,512,0.0179511,0.00130968,14953700000.0
MareNostrum 5,mpi-laplacian-2d,14,restriction,1024,0.00967286,0.0016719,27751400000.0
MareNostrum 5,mpi-laplacian-2d,14,restriction,2048,0.00453087,0.000677648,59245900000.0
MareNostrum 5,mpi-laplacian-2d,14,restriction,4096,0.00240699,0.000696322,111523000000.0
MareNostrum 5,mpi-laplacian-2d,14,restriction,8192,0.000614669,0.000466698,436716000000.0
MareNostrum 5,mpi-laplacian-2d,14,restriction,16384,0.000233329,0.000212472,1150460000000.0
MareNostrum 5,mpi-laplacian-2d,14,sum,4,0.404256,0.0,664023000.0
MareNostrum 5,mpi-laplacian-2d,14,sum,8,0.213006,0.0,1260230000.0
MareNostrum 5,mpi-laplacian-2d,14,sum,16,0.136019,0.0,1973510000.0
MareNostrum 5,mpi-laplacian-2d,14,sum,32,0.082251,0.0,3263610000.0
MareNostrum 5,mpi-laplacian-2d,14,sum,64,0.0708238,0.0,3790190000.0
MareNostrum 5,mpi-laplacian-2d,14,sum,128,0.0269173,0.0,9972580000.0
MareNostrum 5,mpi-laplacian-2d,14,sum,256,0.0174801,0.0,15356700000.0
MareNostrum 5,mpi-laplacian-2d,14,sum,512,0.0108454,0.0,24751100000.0
MareNostrum 5,mpi-laplacian-2d,14,sum,1024,0.00602895,0.0,44524400000.0
MareNostrum 5,mpi-laplacian-2d,14,sum,2048,0.00329867,0.0,81377000000.0
MareNostrum 5,mpi-laplacian-2d,14,sum,4096,0.0019353,0.0,138705000000.0
MareNostrum 5,mpi-laplacian-2d,14,sum,8192,0.00128782,0.0,208442000000.0
MareNostrum 5,mpi-laplacian-2d,14,sum,16384,0.00124346,0.0,215877000000.0
Snellius,mpi-laplacian,6,cos,2,0.0060185,0.000115353,43556400.0
Snellius,mpi-laplacian,6,laplacian,2,0.002957,0.000490089,88652000.0
Snellius,mpi-laplacian,6,poisson,2,0.026168,0.00239698,10017700.0
Snellius,mpi-laplacian,6,refine,2,0.147696,0.0356644,1774890.0
Snellius,mpi-laplacian,6,restriction,2,0.001995,0.00109091,131401000.0
Snellius,mpi-laplacian,6,sum,2,0.000731,0.0,358610000.0
Snellius,mpi-laplacian,8,cos,2,0.493239,0.0211985,34014400.0
Snellius,mpi-laplacian,8,cos,4,0.248256,0.0116647,67580400.0
Snellius,mpi-laplacian,8,cos,8,0.121109,0.0174734,138530000.0
Snellius,mpi-laplacian,8,cos,16,0.0527913,0.00290572,317803000.0
Snellius,mpi-laplacian,8,cos,32,0.0363681,0.00826968,461317000.0
Snellius,mpi-laplacian,8,cos,64,0.0195782,0.0064891,856932000.0
Snellius,mpi-laplacian,8,cos,128,0.00751028,0.000595784,2233900000.0
Snellius,mpi-laplacian,8,cos,256,0.00429876,0.000842403,3902810000.0
Snellius,mpi-laplacian,8,cos,512,0.00379055,0.0021698,4426060000.0
Snellius,mpi-laplacian,8,cos,1024,0.000936408,0.000167904,17916600000.0
Snellius,mpi-laplacian,8,cos,2048,0.000880464,0.000502799,19055000000.0
Snellius,mpi-laplacian,8,cos,4096,0.000580838,0.000393173,28884500000.0
Snellius,mpi-laplacian,8,cos,8192,0.000280203,0.000187309,59875200000.0
Snellius,mpi-laplacian,8,cos,16384,0.000555774,0.000509236,30187100000.0
Snellius,mpi-laplacian,8,laplacian,2,0.241623,0.00835231,69435500.0
Snellius,mpi-laplacian,8,laplacian,4,0.12607,0.00736032,133078000.0
Snellius,mpi-laplacian,8,laplacian,8,0.0683871,0.00934712,245327000.0
Snellius,mpi-laplacian,8,laplacian,16,0.0330435,0.00486303,507731000.0
Snellius,mpi-laplacian,8,laplacian,32,0.0260402,0.010976,644281000.0
Snellius,mpi-laplacian,8,laplacian,64,0.010255,0.00256578,1636000000.0
Snellius,mpi-laplacian,8,laplacian,128,0.00838854,0.00221379,2000020000.0
Snellius,mpi-laplacian,8,laplacian,256,0.00430324,0.00130542,3898740000.0
Snellius,mpi-laplacian,8,laplacian,512,0.00140184,0.000665313,11968000000.0
Snellius,mpi-laplacian,8,laplacian,1024,0.000790843,0.000469413,21214300000.0
Snellius,mpi-laplacian,8,laplacian,2048,0.000624385,0.000456802,26870000000.0
Snellius,mpi-laplacian,8,laplacian,4096,0.000330069,0.000255634,50829400000.0
Snellius,mpi-laplacian,8,laplacian,8192,0.000222124,0.000185615,75531000000.0
Snellius,mpi-laplacian,8,laplacian,16384,0.000191008,0.000170231,87835300000.0
Snellius,mpi-laplacian,8,poisson,2,2.50257,0.0740012,6703990.0
Snellius,mpi-laplacian,8,poisson,4,1.30363,0.0772997,12869600.0
Snellius,mpi-laplacian,8,poisson,8,0.684074,0.0858615,24525400.0
Snellius,mpi-laplacian,8,poisson,16,0.327047,0.0425954,51299100.0
Snellius,mpi-laplacian,8,poisson,32,0.188023,0.036747,89229700.0
Snellius,mpi-laplacian,8,poisson,64,0.104547,0.0231883,160475000.0
Snellius,mpi-laplacian,8,poisson,128,0.0953096,0.0300301,176029000.0
Snellius,mpi-laplacian,8,poisson,256,0.0410475,0.0139364,408727000.0
Snellius,mpi-laplacian,8,poisson,512,0.0219455,0.0130353,764494000.0
Snellius,mpi-laplacian,8,poisson,1024,0.0158201,0.0117065,1060500000.0
Snellius,mpi-laplacian,8,poisson,2048,0.0126188,0.0102123,1329540000.0
Snellius,mpi-laplacian,8,poisson,4096,0.0183465,0.0161102,914463000.0
Snellius,mpi-laplacian,8,poisson,8192,0.0173172,0.0147902,968818000.0
Snellius,mpi-laplacian,8,poisson,16384,0.0265129,0.0222953,632795000.0
Snellius,mpi-laplacian,8,refine,2,8.65317,0.910452,1938850.0
Snellius,mpi-laplacian,8,refine,4,3.64563,0.678271,4602010.0
Snellius,mpi-laplacian,8,refine,8,2.01349,0.475251,8332390.0
Snellius,mpi-laplacian,8,refine,16,1.19207,0.397661,14074000.0
Snellius,mpi-laplacian,8,refine,32,0.746316,0.307385,22480000.0
Snellius,mpi-laplacian,8,refine,64,0.542735,0.288746,30912400.0
Snellius,mpi-laplacian,8,refine,128,0.503809,0.331817,33300700.0
Snellius,mpi-laplacian,8,refine,256,0.660457,0.532698,25402400.0
Snellius,mpi-laplacian,8,refine,512,1.14554,1.00614,14645700.0
Snellius,mpi-laplacian,8,refine,1024,3.1866,2.81213,5264930.0
Snellius,mpi-laplacian,8,refine,2048,7.73521,7.03933,2168940.0
Snellius,mpi-laplacian,8,refine,4096,20.9173,19.5954,802075.0
Snellius,mpi-laplacian,8,refine,8192,193.25,186.681,86815.9
Snellius,mpi-laplacian,8,refine,16384,594.028,582.654,28243.1
Snellius,mpi-laplacian,8,restriction,2,0.126031,0.0136362,133120000.0
Snellius,mpi-laplacian,8,restriction,4,0.065126,0.0145524,257612000.0
Snellius,mpi-laplacian,8,restriction,8,0.036299,0.0117738,462195000.0
Snellius,mpi-laplacian,8,restriction,16,0.013091,0.00206034,1281580000.0
Snellius,mpi-laplacian,8,restriction,32,0.0202092,0.0130216,830178000.0
Snellius,mpi-laplacian,8,restriction,64,0.00709016,0.00377704,2366270000.0
Snellius,mpi-laplacian,8,restriction,128,0.00421623,0.00154441,3979190000.0
Snellius,mpi-laplacian,8,restriction,256,0.00274324,0.00157654,6115840000.0
Snellius,mpi-laplacian,8,restriction,512,0.000744736,0.000609968,22527700000.0
Snellius,mpi-laplacian,8,restriction,1024,0.000225095,0.000191113,74533900000.0
Snellius,mpi-laplacian,8,restriction,2048,0.000145006,0.000132933,115700000000.0
Snellius,mpi-laplacian,8,restriction,4096,0.000109238,0.000104447,153584000000.0
Snellius,mpi-laplacian,8,restriction,8192,3.94181e-05,3.73187e-05,425622000000.0
Snellius,mpi-laplacian,8,restriction,16384,5.84e-05,5.72961e-05,287281000000.0
Snellius,mpi-laplacian,8,sum,2,0.106311,0.0,157813000.0
Snellius,mpi-laplacian,8,sum,4,0.0536695,0.0,312602000.0
Snellius,mpi-laplacian,8,sum,8,0.0401231,0.0,418143000.0
Snellius,mpi-laplacian,8,sum,16,0.0137519,0.0,1219990000.0
Snellius,mpi-laplacian,8,sum,32,0.0105163,0.0,1595350000.0
Snellius,mpi-laplacian,8,sum,64,0.00349819,0.0,4795970000.0
Snellius,mpi-laplacian,8,sum,128,0.00316372,0.0,5303000000.0
Snellius,mpi-laplacian,8,sum,256,0.0016279,0.0,10306100000.0
Snellius,mpi-laplacian,8,sum,512,0.000301744,0.0,55600800000.0
Snellius,mpi-laplacian,8,sum,1024,0.000152431,0.0,110064000000.0
Snellius,mpi-laplacian,8,sum,2048,0.000119272,0.0,140663000000.0
Snellius,mpi-laplacian,8,sum,4096,4.5879e-05,0.0,365684000000.0
Snellius,mpi-laplacian,8,sum,8192,0.000244483,0.0,68623300000.0
Snellius,mpi-laplacian,8,sum,16384,7.79611e-05,0.0,215200000000.0
Snellius,mpi-laplacian,9,cos,2,4.02738,0.177575,33326300.0
Snellius,mpi-laplacian,9,cos,4,2.21276,0.0784565,60656400.0
Snellius,mpi-laplacian,9,cos,8,1.0766,0.0992976,124668000.0
Snellius,mpi-laplacian,9,cos,16,0.466825,0.0288013,287512000.0
Snellius,mpi-laplacian,9,cos,32,0.264938,0.0258707,506600000.0
Snellius,mpi-laplacian,9,cos,64,0.115467,0.0102547,1162390000.0
Snellius,mpi-laplacian,9,cos,128,0.0620422,0.00653721,2163330000.0
Snellius,mpi-laplacian,9,cos,256,0.030265,0.00256569,4434750000.0
Snellius,mpi-laplacian,9,cos,512,0.0173658,0.00172153,7728840000.0
Snellius,mpi-laplacian,9,cos,1024,0.0104033,0.00271553,12901400000.0
Snellius,mpi-laplacian,9,cos,2048,0.00507891,0.0010766,26426500000.0
Snellius,mpi-laplacian,9,cos,4096,0.00385859,0.00221275,34784100000.0
Snellius,mpi-laplacian,9,cos,8192,0.080056,0.0792903,1676550000.0
Snellius,mpi-laplacian,9,cos,16384,0.00234867,0.0019725,57146400000.0
Snellius,mpi-laplacian,9,laplacian,2,1.75789,0.038794,76351500.0
Snellius,mpi-laplacian,9,laplacian,4,0.889723,0.0349867,150853000.0
Snellius,mpi-laplacian,9,laplacian,8,0.483004,0.0365046,277881000.0
Snellius,mpi-laplacian,9,laplacian,16,0.264868,0.0241565,506734000.0
Snellius,mpi-laplacian,9,laplacian,32,0.146705,0.0178111,914879000.0
Snellius,mpi-laplacian,9,laplacian,64,0.0878037,0.0145526,1528610000.0
Snellius,mpi-laplacian,9,laplacian,128,0.0667835,0.0111096,2009740000.0
Snellius,mpi-laplacian,9,laplacian,256,0.0346871,0.00713324,3869390000.0
Snellius,mpi-laplacian,9,laplacian,512,0.0208211,0.00562178,6446250000.0
Snellius,mpi-laplacian,9,laplacian,1024,0.00995087,0.00301781,13488000000.0
Snellius,mpi-laplacian,9,laplacian,2048,0.0056513,0.00190957,23749900000.0
Snellius,mpi-laplacian,9,laplacian,4096,0.00174916,0.000888674,76732800000.0
Snellius,mpi-laplacian,9,laplacian,8192,0.00121399,0.00089121,110559000000.0
Snellius,mpi-laplacian,9,laplacian,16384,0.000569183,0.000416284,235808000000.0
Snellius,mpi-laplacian,9,poisson,2,19.3423,0.382072,6939090.0
Snellius,mpi-laplacian,9,poisson,4,9.71158,0.356536,13820400.0
Snellius,mpi-laplacian,9,poisson,8,5.26531,0.42933,25491000.0
Snellius,mpi-laplacian,9,poisson,16,2.68835,0.19611,49925600.0
Snellius,mpi-laplacian,9,poisson,32,1.50152,0.152103,89388100.0
Snellius,mpi-laplacian,9,poisson,64,0.967848,0.133096,138676000.0
Snellius,mpi-laplacian,9,poisson,128,0.701294,0.103702,191386000.0
Snellius,mpi-laplacian,9,poisson,256,0.355762,0.0616908,377268000.0
Snellius,mpi-laplacian,9,poisson,512,0.229135,0.0561043,585760000.0
Snellius,mpi-laplacian,9,poisson,1024,0.110844,0.0351195,1210880000.0
Snellius,mpi-laplacian,9,poisson,2048,0.0560648,0.0231495,2393980000.0
Snellius,mpi-laplacian,9,poisson,4096,0.0389576,0.0245579,3445230000.0
Snellius,mpi-laplacian,9,poisson,8192,0.0352789,0.0237499,3804480000.0
Snellius,mpi-laplacian,9,poisson,16384,0.033309,0.0219838,4029480000.0
Snellius,mpi-laplacian,9,refine,2,139.127,5.54714,964715.0
Snellius,mpi-laplacian,9,refine,4,102.563,3.71373,1308630.0
Snellius,mpi-laplacian,9,refine,8,25.5934,2.26733,5244230.0
Snellius,mpi-laplacian,9,refine,16,9.19937,1.65459,14589900.0
Snellius,mpi-laplacian,9,refine,32,4.60111,1.25701,29170800.0
Snellius,mpi-laplacian,9,refine,64,2.71288,0.978785,49474200.0
Snellius,mpi-laplacian,9,refine,128,1.74848,0.778086,76762600.0
Snellius,mpi-laplacian,9,refine,256,1.41093,0.881408,95127200.0
Snellius,mpi-laplacian,9,refine,512,1.7573,1.39061,76377100.0
Snellius,mpi-laplacian,9,refine,1024,3.55953,3.05749,37706600.0
Snellius,mpi-laplacian,9,refine,2048,7.68795,6.93063,17458200.0
Snellius,mpi-laplacian,9,refine,4096,20.1397,18.7688,6664330.0
Snellius,mpi-laplacian,9,refine,8192,221.706,214.976,605386.0
Snellius,mpi-laplacian,9,refine,16384,652.374,640.884,205737.0
Snellius,mpi-laplacian,9,restriction,2,0.924782,0.0309847,145134000.0
Snellius,mpi-laplacian,9,restriction,4,0.478932,0.0252161,280244000.0
Snellius,mpi-laplacian,9,restriction,8,0.248396,0.0223401,540337000.0
Snellius,mpi-laplacian,9,restriction,16,0.103628,0.00845495,1295190000.0
Snellius,mpi-laplacian,9,restriction,32,0.0761401,0.0175846,1762770000.0
Snellius,mpi-laplacian,9,restriction,64,0.0587956,0.00763895,2282790000.0
Snellius,mpi-laplacian,9,restriction,128,0.0292094,0.0048326,4595020000.0
Snellius,mpi-laplacian,9,restriction,256,0.015247,0.00345735,8802900000.0
Snellius,mpi-laplacian,9,restriction,512,0.0103235,0.00394001,13001200000.0
Snellius,mpi-laplacian,9,restriction,1024,0.00549849,0.00258179,24409900000.0
Snellius,mpi-laplacian,9,restriction,2048,0.00372241,0.00238757,36056700000.0
Snellius,mpi-laplacian,9,restriction,4096,0.00118962,0.00103887,112824000000.0
Snellius,mpi-laplacian,9,restriction,8192,0.000360147,0.000322999,372675000000.0
Snellius,mpi-laplacian,9,restriction,16384,0.000348486,0.000334832,385145000000.0
Snellius,mpi-laplacian,9,sum,2,0.874475,0.0,153484000.0
Snellius,mpi-laplacian,9,sum,4,0.414394,0.0,323889000.0
Snellius,mpi-laplacian,9,sum,8,0.227745,0.0,589334000.0
Snellius,mpi-laplacian,9,sum,16,0.110942,0.0,1209800000.0
Snellius,mpi-laplacian,9,sum,32,0.063762,0.0,2104980000.0
Snellius,mpi-laplacian,9,sum,64,0.0517924,0.0,2591460000.0
Snellius,mpi-laplacian,9,sum,128,0.0267917,0.0,5009680000.0
Snellius,mpi-laplacian,9,sum,256,0.0140814,0.0,9531590000.0
Snellius,mpi-laplacian,9,sum,512,0.00789825,0.0,16993300000.0
Snellius,mpi-laplacian,9,sum,1024,0.00364807,0.0,36791400000.0
Snellius,mpi-laplacian,9,sum,2048,0.00176295,0.0,76132500000.0
Snellius,mpi-laplacian,9,sum,4096,0.000411254,0.0,326362000000.0
Snellius,mpi-laplacian,9,sum,8192,0.000200673,0.0,668837000000.0
Snellius,mpi-laplacian,9,sum,16384,0.000156444,0.0,857931000000.0
Snellius,mpi-laplacian-2d,8,cos,2,0.00100283,3.04973e-05,65350800.0
Snellius,mpi-laplacian-2d,8,laplacian,2,0.000239333,2.1412e-05,273827000.0
Snellius,mpi-laplacian-2d,8,poisson,2,0.00348133,0.000314278,18825000.0
Snellius,mpi-laplacian-2d,8,refine,2,0.0156215,0.00524503,4195240.0
Snellius,mpi-laplacian-2d,8,restriction,2,6.6e-05,1.44675e-05,992970000.0
Snellius,mpi-laplacian-2d,8,sum,2,0.000111333,0.0,588647000.0
Snellius,mpi-laplacian-2d,12,cos,2,0.316815,0.0255948,52955900.0
Snellius,mpi-laplacian-2d,12,cos,4,0.135854,0.00256963,123495000.0
Snellius,mpi-laplacian-2d,12,cos,8,0.0707286,0.00548905,237205000.0
Snellius,mpi-laplacian-2d,12,cos,16,0.042384,0.00829745,395838000.0
Snellius,mpi-laplacian-2d,12,cos,32,0.0215297,0.00434686,779260000.0
Snellius,mpi-laplacian-2d,12,cos,64,0.00989573,0.00128133,1695400000.0
Snellius,mpi-laplacian-2d,12,cos,128,0.00567183,0.00063594,2957990000.0
Snellius,mpi-laplacian-2d,12,cos,256,0.00359539,0.000941067,4666310000.0
Snellius,mpi-laplacian-2d,12,cos,512,0.00163777,0.000536469,10244000000.0
Snellius,mpi-laplacian-2d,12,cos,1024,0.000754769,0.00022517,22228300000.0
Snellius,mpi-laplacian-2d,12,cos,2048,0.000886358,0.00062332,18928300000.0
Snellius,mpi-laplacian-2d,12,cos,4096,0.000357785,0.000228589,46892000000.0
Snellius,mpi-laplacian-2d,12,cos,8192,0.00022238,0.000157924,75444000000.0
Snellius,mpi-laplacian-2d,12,cos,16384,0.000412805,0.00038054,40642000000.0
Snellius,mpi-laplacian-2d,12,laplacian,2,0.0779915,0.00115929,215116000.0
Snellius,mpi-laplacian-2d,12,laplacian,4,0.040096,0.000946395,418426000.0
Snellius,mpi-laplacian-2d,12,laplacian,8,0.0199525,0.000645267,840858000.0
Snellius,mpi-laplacian-2d,12,laplacian,16,0.0103645,0.000384111,1618720000.0
Snellius,mpi-laplacian-2d,12,laplacian,32,0.00611469,0.000421232,2743760000.0
Snellius,mpi-laplacian-2d,12,laplacian,64,0.00553219,0.000502925,3032650000.0
Snellius,mpi-laplacian-2d,12,laplacian,128,0.00388923,0.000592991,4313760000.0
Snellius,mpi-laplacian-2d,12,laplacian,256,0.00175437,0.000365138,9563090000.0
Snellius,mpi-laplacian-2d,12,laplacian,512,0.0005664,0.000166245,29620800000.0
Snellius,mpi-laplacian-2d,12,laplacian,1024,0.000263731,7.68381e-05,63614900000.0
Snellius,mpi-laplacian-2d,12,laplacian,2048,0.000167853,6.77212e-05,99952100000.0
Snellius,mpi-laplacian-2d,12,laplacian,4096,7.71721e-05,3.71784e-05,217400000000.0
Snellius,mpi-laplacian-2d,12,laplacian,8192,5.60242e-05,3.25583e-05,299464000000.0
Snellius,mpi-laplacian-2d,12,laplacian,16384,8.9983e-05,7.65173e-05,186449000000.0
Snellius,mpi-laplacian-2d,12,poisson,2,1.36021,0.00758359,12334300.0
Snellius,mpi-laplacian-2d,12,poisson,4,0.727513,0.0168317,23061100.0
Snellius,mpi-laplacian-2d,12,poisson,8,0.33361,0.00822734,50289900.0
Snellius,mpi-laplacian-2d,12,poisson,16,0.178264,0.00720862,94114400.0
Snellius,mpi-laplacian-2d,12,poisson,32,0.0981471,0.00503236,170940000.0
Snellius,mpi-laplacian-2d,12,poisson,64,0.0747667,0.00490456,224394000.0
Snellius,mpi-laplacian-2d,12,poisson,128,0.0480562,0.00541522,349117000.0
Snellius,mpi-laplacian-2d,12,poisson,256,0.0193056,0.00365931,869033000.0
Snellius,mpi-laplacian-2d,12,poisson,512,0.00626688,0.00222214,2677120000.0
Snellius,mpi-laplacian-2d,12,poisson,1024,0.00433194,0.00229551,3872910000.0
Snellius,mpi-laplacian-2d,12,poisson,2048,0.00335188,0.00191494,5005310000.0
Snellius,mpi-laplacian-2d,12,poisson,4096,0.0046352,0.00312168,3619520000.0
Snellius,mpi-laplacian-2d,12,poisson,8192,0.0079777,0.00316161,2103010000.0
Snellius,mpi-laplacian-2d,12,poisson,16384,0.00724352,0.00374086,2316170000.0
Snellius,mpi-laplacian-2d,12,refine,2,4.85735,0.715206,3453990.0
Snellius,mpi-laplacian-2d,12,refine,4,2.19902,0.362573,7629400.0
Snellius,mpi-laplacian-2d,12,refine,8,0.985818,0.231611,17018600.0
Snellius,mpi-laplacian-2d,12,refine,16,0.523954,0.128626,32020400.0
Snellius,mpi-laplacian-2d,12,refine,32,0.292204,0.104638,57416200.0
Snellius,mpi-laplacian-2d,12,refine,64,0.171474,0.065958,97840900.0
Snellius,mpi-laplacian-2d,12,refine,128,0.133928,0.0784303,125270000.0
Snellius,mpi-laplacian-2d,12,refine,256,0.162308,0.128902,103366000.0
Snellius,mpi-laplacian-2d,12,refine,512,0.355961,0.323187,47132100.0
Snellius,mpi-laplacian-2d,12,refine,1024,0.760446,0.716128,22062300.0
Snellius,mpi-laplacian-2d,12,refine,2048,1.96911,1.87456,8520190.0
Snellius,mpi-laplacian-2d,12,refine,4096,4.24239,4.06531,3954660.0
Snellius,mpi-laplacian-2d,12,refine,8192,78.0901,77.2923,214844.0
Snellius,mpi-laplacian-2d,12,refine,16384,267.131,265.742,62805.3
Snellius,mpi-laplacian-2d,12,restriction,2,0.145205,0.019574,115542000.0
Snellius,mpi-laplacian-2d,12,restriction,4,0.058415,0.00330789,287207000.0
Snellius,mpi-laplacian-2d,12,restriction,8,0.0282025,0.00174666,594884000.0
Snellius,mpi-laplacian-2d,12,restriction,16,0.0176114,0.00334831,952635000.0
Snellius,mpi-laplacian-2d,12,restriction,32,0.00903906,0.00153333,1856080000.0
Snellius,mpi-laplacian-2d,12,restriction,64,0.00624758,0.000816895,2685400000.0
Snellius,mpi-laplacian-2d,12,restriction,128,0.00368505,0.000788807,4552770000.0
Snellius,mpi-laplacian-2d,12,restriction,256,0.00154052,0.000473293,10890600000.0
Snellius,mpi-laplacian-2d,12,restriction,512,0.0002327,0.000123398,72098100000.0
Snellius,mpi-laplacian-2d,12,restriction,1024,8.1153e-05,5.66331e-05,206736000000.0
Snellius,mpi-laplacian-2d,12,restriction,2048,2.60885e-05,1.92901e-05,643089000000.0
Snellius,mpi-laplacian-2d,12,restriction,4096,1.56189e-05,1.35849e-05,1074160000000.0
Snellius,mpi-laplacian-2d,12,restriction,8192,9.35575e-06,8.57872e-06,1793250000000.0
Snellius,mpi-laplacian-2d,12,restriction,16384,3.96676e-06,3.58701e-06,4229450000000.0
Snellius,mpi-laplacian-2d,12,sum,2,0.091399,0.0,183560000.0
Snellius,mpi-laplacian-2d,12,sum,4,0.0457105,0.0,367032000.0
Snellius,mpi-laplacian-2d,12,sum,8,0.022667,0.0,740160000.0
Snellius,mpi-laplacian-2d,12,sum,16,0.0117203,0.0,1431460000.0
Snellius,mpi-laplacian-2d,12,sum,32,0.00639144,0.0,2624950000.0
Snellius,mpi-laplacian-2d,12,sum,64,0.00463803,0.0,3617310000.0
Snellius,mpi-laplacian-2d,12,sum,128,0.0029263,0.0,5733260000.0
Snellius,mpi-laplacian-2d,12,sum,256,0.00110849,0.0,15135200000.0
Snellius,mpi-laplacian-2d,12,sum,512,0.000197613,0.0,84899500000.0
Snellius,mpi-laplacian-2d,12,sum,1024,7.87168e-05,0.0,213134000000.0
Snellius,mpi-laplacian-2d,12,sum,2048,5.0757e-05,0.0,330540000000.0
Snellius,mpi-laplacian-2d,12,sum,4096,4.17887e-05,0.0,401477000000.0
Snellius,mpi-laplacian-2d,12,sum,8192,4.79337e-05,0.0,350009000000.0
Snellius,mpi-laplacian-2d,12,sum,16384,0.000103438,0.0,162196000000.0
Snellius,mpi-laplacian-2d,14,cos,4,3.00412,0.195351,89355700.0
Snellius,mpi-laplacian-2d,14,cos,8,1.3968,0.0777819,192180000.0
Snellius,mpi-laplacian-2d,14,cos,16,0.712343,0.0823303,376834000.0
Snellius,mpi-laplacian-2d,14,cos,32,0.307375,0.0369152,873315000.0
Snellius,mpi-laplacian-2d,14,cos,64,0.17584,0.0335449,1526590000.0
Snellius,mpi-laplacian-2d,14,cos,128,0.0875906,0.00674925,3064660000.0
Snellius,mpi-laplacian-2d,14,cos,256,0.0614666,0.0208251,4367180000.0
Snellius,mpi-laplacian-2d,14,cos,512,0.0389331,0.0144849,6894780000.0
Snellius,mpi-laplacian-2d,14,cos,1024,0.016396,0.00436017,16372000000.0
Snellius,mpi-laplacian-2d,14,cos,2048,0.0108596,0.00464618,24718700000.0
Snellius,mpi-laplacian-2d,14,cos,4096,0.00434229,0.0012073,61818900000.0
Snellius,mpi-laplacian-2d,14,cos,8192,0.00267204,0.00153153,100461000000.0
Snellius,mpi-laplacian-2d,14,cos,16384,0.00239175,0.00186636,112234000000.0
Snellius,mpi-laplacian-2d,14,laplacian,4,0.662433,0.023014,405227000.0
Snellius,mpi-laplacian-2d,14,laplacian,8,0.346301,0.0300579,775151000.0
Snellius,mpi-laplacian-2d,14,laplacian,16,0.196682,0.0283311,1364820000.0
Snellius,mpi-laplacian-2d,14,laplacian,32,0.0953892,0.00166072,2814110000.0
Snellius,mpi-laplacian-2d,14,laplacian,64,0.09074,0.00661076,2958290000.0
Snellius,mpi-laplacian-2d,14,laplacian,128,0.0654637,0.00293179,4100520000.0
Snellius,mpi-laplacian-2d,14,laplacian,256,0.0333044,0.00223029,8060070000.0
Snellius,mpi-laplacian-2d,14,laplacian,512,0.0201534,0.00185845,13319600000.0
Snellius,mpi-laplacian-2d,14,laplacian,1024,0.0100071,0.00120931,26824500000.0
Snellius,mpi-laplacian-2d,14,laplacian,2048,0.0050704,0.000859936,52941700000.0
Snellius,mpi-laplacian-2d,14,laplacian,4096,0.00250019,0.00055208,107366000000.0
Snellius,mpi-laplacian-2d,14,laplacian,8192,0.000537729,0.000145121,499202000000.0
Snellius,mpi-laplacian-2d,14,laplacian,16384,0.000286789,8.89302e-05,936003000000.0
Snellius,mpi-laplacian-2d,14,poisson,4,11.8108,0.248547,22728000.0
Snellius,mpi-laplacian-2d,14,poisson,8,5.82494,0.180714,46083800.0
Snellius,mpi-laplacian-2d,14,poisson,16,3.28413,0.231103,81737300.0
Snellius,mpi-laplacian-2d,14,poisson,32,1.77098,0.108261,151575000.0
Snellius,mpi-laplacian-2d,14,poisson,64,1.3619,0.0519215,197104000.0
Snellius,mpi-laplacian-2d,14,poisson,128,0.946577,0.0407129,283585000.0
Snellius,mpi-laplacian-2d,14,poisson,256,0.469298,0.0226559,571994000.0
Snellius,mpi-laplacian-2d,14,poisson,512,0.285878,0.021651,938987000.0
Snellius,mpi-laplacian-2d,14,poisson,1024,0.135863,0.0135637,1975780000.0
Snellius,mpi-laplacian-2d,14,poisson,2048,0.0784778,0.0120933,3420530000.0
Snellius,mpi-laplacian-2d,14,poisson,4096,0.0283952,0.00606888,9453540000.0
Snellius,mpi-laplacian-2d,14,poisson,8192,0.0117357,0.00422491,22873300000.0
Snellius,mpi-laplacian-2d,14,poisson,16384,0.0123407,0.00622754,21752100000.0
Snellius,mpi-laplacian-2d,14,refine,4,109.624,5.32588,2448690.0
Snellius,mpi-laplacian-2d,14,refine,8,33.5889,2.80217,7991800.0
Snellius,mpi-laplacian-2d,14,refine,16,15.0421,1.5185,17845600.0
Snellius,mpi-laplacian-2d,14,refine,32,5.1894,0.864013,51727600.0
Snellius,mpi-laplacian-2d,14,refine,64,2.50732,0.506815,107061000.0
Snellius,mpi-laplacian-2d,14,refine,128,1.23484,0.335557,217384000.0
Snellius,mpi-laplacian-2d,14,refine,256,0.734745,0.285103,365345000.0
Snellius,mpi-laplacian-2d,14,refine,512,0.722836,0.474458,371364000.0
Snellius,mpi-laplacian-2d,14,refine,1024,0.92967,0.769055,288743000.0
Snellius,mpi-laplacian-2d,14,refine,2048,2.05806,1.89848,130431000.0
Snellius,mpi-laplacian-2d,14,refine,4096,5.86259,5.65061,45787800.0
Snellius,mpi-laplacian-2d,14,refine,8192,82.938,82.1025,3236580.0
Snellius,mpi-laplacian-2d,14,refine,16384,248.469,247.082,1080360.0
Snellius,mpi-laplacian-2d,14,restriction,4,1.20976,0.0447194,221892000.0
Snellius,mpi-laplacian-2d,14,restriction,8,0.619623,0.0405815,433224000.0
Snellius,mpi-laplacian-2d,14,restriction,16,0.305955,0.0573411,877368000.0
Snellius,mpi-laplacian-2d,14,restriction,32,0.130643,0.00496382,2054730000.0
Snellius,mpi-laplacian-2d,14,restriction,64,0.114694,0.0219171,2340450000.0
Snellius,mpi-laplacian-2d,14,restriction,128,0.0569552,0.0024241,4713100000.0
Snellius,mpi-laplacian-2d,14,restriction,256,0.028861,0.00175486,9300970000.0
Snellius,mpi-laplacian-2d,14,restriction,512,0.0176085,0.00221995,15244700000.0
Snellius,mpi-laplacian-2d,14,restriction,1024,0.00857967,0.0012446,31287400000.0
Snellius,mpi-laplacian-2d,14,restriction,2048,0.00634463,0.00281054,42309100000.0
Snellius,mpi-laplacian-2d,14,restriction,4096,0.0021673,0.000785446,123857000000.0
Snellius,mpi-laplacian-2d,14,restriction,8192,0.000365474,0.000227074,734486000000.0
Snellius,mpi-laplacian-2d,14,restriction,16384,0.000116157,8.86368e-05,2310960000000.0
Snellius,mpi-laplacian-2d,14,sum,4,0.776883,0.0,345529000.0
Snellius,mpi-laplacian-2d,14,sum,8,0.380695,0.0,705119000.0
Snellius,mpi-laplacian-2d,14,sum,16,0.225852,0.0,1188550000.0
Snellius,mpi-laplacian-2d,14,sum,32,0.1033,0.0,2598610000.0
Snellius,mpi-laplacian-2d,14,sum,64,0.0925413,0.0,2900710000.0
Snellius,mpi-laplacian-2d,14,sum,128,0.0411026,0.0,6530860000.0
Snellius,mpi-laplacian-2d,14,sum,256,0.0202351,0.0,13265800000.0
Snellius,mpi-laplacian-2d,14,sum,512,0.0151374,0.0,17733300000.0
Snellius,mpi-laplacian-2d,14,sum,1024,0.00669796,0.0,40077200000.0
Snellius,mpi-laplacian-2d,14,sum,2048,0.00380791,0.0,70494300000.0
Snellius,mpi-laplacian-2d,14,sum,4096,0.00154159,0.0,174129000000.0
Snellius,mpi-laplacian-2d,14,sum,8192,0.000323789,0.0,829045000000.0
Snellius,mpi-laplacian-2d,14,sum,16384,0.000231628,0.0,1158910000000.0
