machine,pts,level,npe,cells,steps,t,real,per_step,speed,u
MareNostrum 5,64,10,2,1048576,2808,0.5,4809.71,1.7128596866096866,612178.0,0.993814
MareNostrum 5,64,10,4,1048576,2808,0.5,2505.71,0.8923468660968661,1175080.0,0.993814
MareNostrum 5,64,10,8,1048576,2808,0.5,1302.68,0.46391737891737894,2260260.0,0.993814
MareNostrum 5,64,10,16,1048576,2808,0.5,686.139,0.24435149572649573,4291260.0,0.993814
MareNostrum 5,64,10,32,1048576,2808,0.5,363.735,0.12953525641025643,8094910.0,0.993814
MareNostrum 5,64,10,64,1048576,2808,0.5,215.315,0.07667913105413106,13674900.0,0.993814
MareNostrum 5,64,10,128,1048576,2808,0.5,75.3515,0.026834579772079772,39075500.0,0.99381
MareNostrum 5,64,10,256,1048576,2808,0.5,47.4286,0.016890527065527065,62080700.0,0.993559
MareNostrum 5,64,10,512,1048576,2808,0.5,50.5286,0.017994515669515668,58272000.0,0.993554
MareNostrum 5,64,10,1024,1048576,2808,0.5,59.8174,0.021302492877492876,49223100.0,0.993561
MareNostrum 5,128,11,2,4194304,7904,0.5,61337.9,7.760361842105263,540478.0,0.99481
MareNostrum 5,128,11,4,4194304,7904,0.5,33187.2,4.198785425101214,998934.0,0.99481
MareNostrum 5,128,11,8,4194304,7904,0.5,17472.1,2.210538967611336,1897410.0,0.99481
MareNostrum 5,128,11,16,4194304,7904,0.5,9879.81,1.2499759615384616,3355510.0,0.99481
MareNostrum 5,128,11,32,4194304,7904,0.5,6484.48,0.8204048582995951,5112480.0,0.99481
MareNostrum 5,128,11,64,4194304,7904,0.5,4937.51,0.6246849696356276,6714270.0,0.99481
MareNostrum 5,128,11,128,4194304,7904,0.5,2062.48,0.2609412955465587,16073700.0,0.994812
MareNostrum 5,128,11,256,4194304,7904,0.5,854.222,0.10807464574898785,38809300.0,0.994656
MareNostrum 5,128,11,512,4194304,7904,0.5,344.766,0.04361918016194332,96157200.0,0.994647
MareNostrum 5,128,11,1024,4194304,7904,0.5,271.714,0.03437677125506073,122010000.0,0.994648
MareNostrum 5,256,12,8,16777216,2253,0.05,22226.8,9.86542387927208,1700610.0,0.895182
MareNostrum 5,256,12,16,16777216,2253,0.05,12508.8,5.552063914780293,3021790.0,0.895182
MareNostrum 5,256,12,32,16777216,2253,0.05,8291.81,3.6803417665335108,4558600.0,0.895182
MareNostrum 5,256,12,64,16777216,2253,0.05,6457.96,2.866382600976476,5853090.0,0.895182
MareNostrum 5,256,12,128,16777216,2253,0.05,3205.35,1.4227030625832224,11792500.0,0.895182
MareNostrum 5,256,12,256,16777216,2253,0.05,1778.13,0.7892276964047936,21257800.0,0.894972
MareNostrum 5,256,12,512,16777216,22310,0.5,9880.39,0.4428682205289108,37883100.0,0.995358
MareNostrum 5,256,12,1024,16777216,22310,0.5,3241.24,0.1452819363514119,115480000.0,0.995358
MareNostrum 5,512,13,32,67108864,6350,0.05,93100.3,14.661464566929133,4577230.0,0.89574
MareNostrum 5,512,13,64,67108864,6350,0.05,72840.5,11.470944881889764,5850340.0,0.89574
MareNostrum 5,512,13,128,67108864,6350,0.05,36849.7,5.803102362204724,11564300.0,0.89574
MareNostrum 5,512,13,256,67108864,6350,0.05,21072.8,3.3185511811023622,20222300.0,0.895482
MareNostrum 5,512,13,512,67108864,6350,0.05,12134.1,1.9108818897637796,35119300.0,0.895481
MareNostrum 5,512,13,1024,67108864,6350,0.05,5929.75,0.9338188976377952,71864900.0,0.895485
Snellius,64,10,2,1048576,2808,0.5,7916.73,2.8193482905982905,371922.0,0.993814
Snellius,64,10,4,1048576,2808,0.5,3798.27,1.3526602564102563,775195.0,0.993814
Snellius,64,10,8,1048576,2808,0.5,1520.17,0.5413710826210827,1936890.0,0.993814
Snellius,64,10,16,1048576,2808,0.5,534.161,0.19022827635327633,5512200.0,0.993814
Snellius,64,10,32,1048576,2808,0.5,275.416,0.09808262108262109,10690700.0,0.993814
Snellius,64,10,64,1048576,2808,0.5,146.357,0.05212143874643874,20117900.0,0.993814
Snellius,64,10,128,1048576,2808,0.5,87.868,0.03129202279202279,33509400.0,0.99381
Snellius,64,10,256,1048576,2808,0.5,59.9589,0.021352884615384614,49107000.0,0.993559
Snellius,64,10,512,1048576,2808,0.5,47.6903,0.016983725071225073,61740100.0,0.993554
Snellius,64,10,1024,1048576,2808,0.5,46.69,0.016627492877492878,63062700.0,0.993561
Snellius,128,11,2,4194304,7904,0.5,83677.8,10.586766194331984,396184.0,0.99481
Snellius,128,11,4,4194304,7904,0.5,42549.7,5.383312246963563,779131.0,0.99481
Snellius,128,11,8,4194304,7904,0.5,21488.5,2.7186867408906883,1542770.0,0.99481
Snellius,128,11,16,4194304,7904,0.5,10650.6,1.3474949392712552,3112660.0,0.99481
Snellius,128,11,32,4194304,7904,0.5,5913.42,0.7481553643724697,5606200.0,0.99481
Snellius,128,11,64,4194304,7904,0.5,3037.98,0.38435981781376516,10912500.0,0.99481
Snellius,128,11,128,4194304,7904,0.5,2245.01,0.28403466599190286,14766900.0,0.994812
Snellius,128,11,256,4194304,7904,0.5,793.781,0.10042775809716599,41764400.0,0.994656
Snellius,128,11,512,4194304,7904,0.5,306.771,0.03881212044534413,108067000.0,0.994647
Snellius,128,11,1024,4194304,7904,0.5,242.192,0.0306417004048583,136882000.0,0.994648
Snellius,256,12,2,16777216,2253,0.05,105341.0,46.75588104749223,358825.0,0.895182
Snellius,256,12,4,16777216,2253,0.05,53454.7,23.7260097647581,707124.0,0.895182
Snellius,256,12,8,16777216,2253,0.05,27887.7,12.3780292942743,1355400.0,0.895182
Snellius,256,12,16,16777216,2253,0.05,15059.0,6.683976919662672,2510060.0,0.895182
Snellius,256,12,32,16777216,2253,0.05,8373.12,3.7164314247669776,4514340.0,0.895182
Snellius,256,12,64,16777216,2253,0.05,4941.33,2.1932223701731024,7649580.0,0.895182
Snellius,256,12,128,16777216,2253,0.05,3615.28,1.6046515756768753,10455400.0,0.895182
Snellius,256,12,256,16777216,2253,0.05,1570.66,0.6971415889924545,24065800.0,0.894972
Snellius,256,12,512,16777216,22310,0.5,7568.26,0.3392317346481399,49456500.0,0.995358
Snellius,256,12,1024,16777216,22310,0.5,2491.73,0.11168668758404303,150217000.0,0.995358
Snellius,512,13,32,67108864,6350,0.05,91008.5,14.332047244094488,4682430.0,0.89574
Snellius,512,13,64,67108864,6350,0.05,58427.0,9.201102362204724,7293570.0,0.89574
Snellius,512,13,128,67108864,6350,0.05,42205.5,6.646535433070866,10096800.0,0.89574
Snellius,512,13,256,67108864,6350,0.05,19644.3,3.0935905511811024,21692800.0,0.895482
Snellius,512,13,512,67108864,6350,0.05,10988.8,1.73051968503937,38779500.0,0.895481
Snellius,512,13,1024,67108864,6350,0.05,5117.9,0.8059685039370078,83264900.0,0.895485
